[
  {
    "id": 1,
    "name": "The Beat 92.5",
    "description": "92,5 FM · Montreal",
    "image": "/assets/images/stations/ckbe-fm.webp",
    "hls": true,
    "src": "https://playerservices.streamtheworld.com/api/livestream-redirect/CKBEFMAAC.m3u8"
  },
  {
    "id": 2,
    "name": "98,5",
    "description": "98,5 FM · Montréal",
    "image": "/assets/images/stations/chmp-fm.webp",
    "hls": true,
    "src": "https://playerservices.streamtheworld.com/api/livestream-redirect/CHMPFMAAC.m3u8"
  },
  {
    "id": 3,
    "name": "Radio-Canada",
    "description": "95,1 FM · Montréal",
    "image": "/assets/images/stations/cbf-fm.webp",
    "hls": true,
    "src": "https://rcavliveaudio.akamaized.net/hls/live/2006635/P-2QMTL0_MTL/adaptive_192/chunklist_ao.m3u8"
  },
  {
    "id": 4,
    "name": "99,5 Montréal",
    "description": "99,5 FM · Montréal",
    "image": "/assets/images/stations/cjpx-fm.webp",
    "hls": false,
    "src": "https://stream-cjpx-rr01.leclerccom.com/cjpx.mp3"
  },
  {
    "id": 5,
    "name": "CHOI 98,1",
    "description": "98,1 FM · Québec",
    "image": "/assets/images/stations/choi-fm.webp",
    "hls": false,
    "src": "https://lb0-stream.radiox981.ca/choi.mp3"
  },
  {
    "id": 6,
    "name": "CKOI",
    "description": "96,9 FM · Montréal",
    "image": "/assets/images/stations/ckoi-fm.webp",
    "hls": true,
    "src": "https://playerservices.streamtheworld.com/api/livestream-redirect/CKOIFMAAC.m3u8"
  },
  {
    "id": 7,
    "name": "WKND",
    "description": "91,9 FM · Québec",
    "image": "/assets/images/stations/cjec-fm.webp",
    "hls": false,
    "src": "https://stream-cjec-rr01.leclerccom.com/cjec.mp3"
  },
  {
    "id": 8,
    "name": "CHOM",
    "description": "97,7 FM · Montreal",
    "image": "/assets/images/stations/chom-fm.webp",
    "hls": true,
    "src": "https://playerservices.streamtheworld.com/api/livestream-redirect/CHOMFM_ADP.m3u8"
  },
  {
    "id": 9,
    "name": "Rouge FM",
    "description": "107,3 FM · Montréal",
    "image": "/assets/images/stations/cite-fm.webp",
    "hls": true,
    "src": "https://playerservices.streamtheworld.com/api/livestream-redirect/CITEFM_ADP.m3u8"
  },
  {
    "id": 10,
    "name": "BPM Sports",
    "description": "91,9 FM · Montréal",
    "image": "/assets/images/stations/cklx-fm.webp",
    "hls": false,
    "src": "https://stream.919sports.ca/cklx.mp3"
  },
  {
    "id": 11,
    "name": "FM93",
    "description": "93,3 FM · Québec",
    "image": "/assets/images/stations/cjmf-fm.webp",
    "hls": true,
    "src": "https://playerservices.streamtheworld.com/api/livestream-redirect/CJMFFMAAC.m3u8"
  },
  {
    "id": 12,
    "name": "BLVD",
    "description": "102,1 FM · Québec",
    "image": "/assets/images/stations/cfel-fm.webp",
    "hls": false,
    "src": "https://stream-cfel-rr01.leclerccom.com/cfel.mp3"
  }
]
